loss,mae,val_loss,val_mae
11.58212947845459,0.5154201984405518,10.210410118103027,0.23648440837860107
