loss,mae,val_loss,val_mae
0.43105289340019226,0.30509504675865173,0.38854190707206726,0.230850487947464
