loss,mae,val_loss,val_mae
2385.2060546875,0.7425536513328552,2268.718505859375,0.9051400423049927
