loss,mae,val_loss,val_mae
15.087737083435059,0.5113394260406494,13.564173698425293,0.2484259009361267
