loss,mae,val_loss,val_mae
2484.12353515625,0.6562247276306152,2364.076904296875,0.9794648289680481
