loss,mae,val_loss,val_mae
0.4397147297859192,0.30938294529914856,0.39243796467781067,0.2306644171476364
