loss,mae,val_loss,val_mae
15.172316551208496,0.518904983997345,13.622121810913086,0.2454819232225418
