loss,mae,val_loss,val_mae
0.4534251093864441,0.31380176544189453,0.40350642800331116,0.23051393032073975
