loss,mae,val_loss,val_mae
0.4268524646759033,0.30707627534866333,0.3817388117313385,0.23071961104869843
