loss,mae,val_loss,val_mae
15.146181106567383,0.5224990844726562,13.588665962219238,0.24831946194171906
