loss,mae,val_loss,val_mae
0.4310951828956604,0.307698130607605,0.3858613669872284,0.23060490190982819
